id,orgao_programa,tipo_intervencao,nome,situacao,forma_real,mapeavel,ponto_critico,coord_precisao,lat,lon,fonte,observacao
OB01,SESAN – Periferia Viva,Urbanização integrada + parque alagável,"Requalificação de áreas vulneráveis às margens do Rio Beberibe no bairro Cajueiro e adjacências (drenagem, esgotamento, parque linear e parque alagável)",,área,sim,,,,,Tabela 84 – Evolução dos domicílios em risco de inundação (documento a identificar),Recurso Novo PAC. Conferir se está na RPA 6
OB02,ProMorar – Urbanização de CIS,Urbanização integrada,"Implantação de redes de microdrenagem (galerias, sarjetas e canaletas) e dispositivos de captação (bocas de lobo, caixas e poços de visita com gaveta)",,várias CIS,não (programa),,,,,Tabela 84 – Evolução dos domicílios em risco de inundação (documento a identificar),A tabela não diz quais CIS
OB03,ProMorar – Urbanização de CIS,Urbanização integrada,"Soluções complementares: pavimentação, drenagem superficial em vielas e integração com abastecimento e esgotamento sanitário",,várias CIS,não (programa),,,,,Tabela 84 – Evolução dos domicílios em risco de inundação (documento a identificar),A tabela não diz quais CIS
OB04,ProMorar – Macrodrenagem (Tejipió),Parques alagáveis,Parque Campo do Barro,Concluído,área,sim,,,,,Tabela 84 – Evolução dos domicílios em risco de inundação (documento a identificar),Também apresentado na seção de Parques
OB05,ProMorar – Macrodrenagem (Tejipió),Parques alagáveis,Parque Jardim Uchôa/Laranjeira,,área,sim,,,,,Tabela 84 – Evolução dos domicílios em risco de inundação (documento a identificar),Na seção de Parques consta como Parque Garantido
OB06,ProMorar – Macrodrenagem (Tejipió),Reservatórios de detenção,Detenção com controle no Sapo Nú,,área,sim,,,,,Tabela 84 – Evolução dos domicílios em risco de inundação (documento a identificar),~145.000 m²
OB07,ProMorar – Macrodrenagem (Tejipió),Reservatórios de detenção,Detenção com controle no 4º Batalhão de Comunicações,,área,sim,,,,,Tabela 84 – Evolução dos domicílios em risco de inundação (documento a identificar),
OB08,ProMorar – Macrodrenagem (Tejipió),Reservatórios de detenção,Reservatório BR-101,,área,sim,,,,,Tabela 84 – Evolução dos domicílios em risco de inundação (documento a identificar),~76.000 m²
OB09,ProMorar – Macrodrenagem (Tejipió),Reservatórios de detenção,Reservatório BR-232,,área,sim,,,,,Tabela 84 – Evolução dos domicílios em risco de inundação (documento a identificar),~85.000 m²
OB10,ProMorar – Macrodrenagem (Tejipió),Reservatórios de detenção,7 microrreservatórios,,7 locais,não (locais não informados),,,,,Tabela 84 – Evolução dos domicílios em risco de inundação (documento a identificar),
OB11,ProMorar – Macrodrenagem (Tejipió),Diques e comportas,Dique da Avenida Recife,,linha,sim,,,,,Tabela 84 – Evolução dos domicílios em risco de inundação (documento a identificar),
OB12,ProMorar – Macrodrenagem (Tejipió),Diques e comportas,Dique entre Tejipió e IPSEP,,linha,sim,,,,,Tabela 84 – Evolução dos domicílios em risco de inundação (documento a identificar),
OB13,ProMorar – Macrodrenagem (Tejipió),Diques e comportas,"Estrada/dique, comporta e sistema de bombeamento no Malária/Vila da Arquiteta Maria Lúcia",,linha,sim,,,,,Tabela 84 – Evolução dos domicílios em risco de inundação (documento a identificar),
OB14,ProMorar – Macrodrenagem (Tejipió),Diques e comportas,Dique nas CIS Dancing Days,,linha,sim,,,,,Tabela 84 – Evolução dos domicílios em risco de inundação (documento a identificar),
OB15,ProMorar – Macrodrenagem (Tejipió),Diques e comportas,Dique Sítio das Mangueiras,,linha,sim,,,,,Tabela 84 – Evolução dos domicílios em risco de inundação (documento a identificar),
OB16,ProMorar – Macrodrenagem (Tejipió),Dragagem,Dragagem do Rio Tejipió – trecho 1,Concluído,linha,sim,,,,,Tabela 84 – Evolução dos domicílios em risco de inundação (documento a identificar),"Original: ""3 Trecho do Rio Tejipió (Trecho 1 concluído)"". Divisão em 3 trechos é leitura nossa: conferir"
OB17,ProMorar – Macrodrenagem (Tejipió),Dragagem,Dragagem do Rio Tejipió – trecho 2,,linha,sim,,,,,Tabela 84 – Evolução dos domicílios em risco de inundação (documento a identificar),Idem; limites dos trechos não informados
OB18,ProMorar – Macrodrenagem (Tejipió),Dragagem,Dragagem do Rio Tejipió – trecho 3,,linha,sim,,,,,Tabela 84 – Evolução dos domicílios em risco de inundação (documento a identificar),Idem; limites dos trechos não informados
OB19,ProMorar – Macrodrenagem (Tejipió),Dragagem,Dragagem do Canal Gregório de Caldas,,linha,sim,,,,,Tabela 84 – Evolução dos domicílios em risco de inundação (documento a identificar),
OB20,ProMorar – Macrodrenagem (Tejipió),Perfilamento do Rio Tejipió,Perfilamento de 860 m do Rio Tejipió,Concluído,linha,sim,,,,,Tabela 84 – Evolução dos domicílios em risco de inundação (documento a identificar),Trecho exato não informado
OB21,ProMorar – Macrodrenagem (Tejipió),Perfilamento do Rio Tejipió,Canal CHESF,,linha,sim,,,,,Tabela 84 – Evolução dos domicílios em risco de inundação (documento a identificar),
OB22,ProMorar – Macrodrenagem (Tejipió),Perfilamento do Rio Tejipió,Canal Torrões,,linha,sim,,,,,Tabela 84 – Evolução dos domicílios em risco de inundação (documento a identificar),
OB23,ProMorar – Macrodrenagem (Tejipió),Perfilamento do Rio Tejipió,Canal São Leopoldo,,linha,sim,,,,,Tabela 84 – Evolução dos domicílios em risco de inundação (documento a identificar),
OB24,ProMorar – Macrodrenagem (Tejipió),Requalificações na rede,Reforço de reservatório e sistema de bombeamento da Avenida Recife,,ponto,sim,,,,,Tabela 84 – Evolução dos domicílios em risco de inundação (documento a identificar),
OB25,ProMorar – Macrodrenagem (Tejipió),Requalificações na rede,Requalificação da rede de microdrenagem do IPSEP,,área,sim,,,,,Tabela 84 – Evolução dos domicílios em risco de inundação (documento a identificar),
OB26,ProMorar / Defesa Civil – Encostas,Contenção e drenagem em morros,"Obras de contenção (rip rap, alvenaria armada, solo grampeado, escadarias hidráulicas) em áreas R3 e R4",,várias áreas,não (programa),,,,,Tabela 84 – Evolução dos domicílios em risco de inundação (documento a identificar),
OB27,Defesa Civil – Programa Parceria,Intervenções locais em áreas vulneráveis,"Obras de pequeno e médio porte: drenagem superficial, contenção e melhorias urbanas",,várias áreas,não (programa),,,,,Tabela 84 – Evolução dos domicílios em risco de inundação (documento a identificar),
OB28,Defesa Civil – Planos de Intervenção,Planejamento territorial de risco,72 planos em áreas críticas com proposição de soluções específicas,,várias áreas,"não (plano, não obra)",,,,,Tabela 84 – Evolução dos domicílios em risco de inundação (documento a identificar),
