obra_id,nome,tipo,categoria,status,icone,lat,lon,coord_precisao
1,Canal do Sanbra,Canal,canal,em_obra,obra_canal,-8.082935045019056,-34.93377630471353,
2,Canal da Mauricéa,Canal,canal,em_obra,obra_canal,-8.104001707893472,-34.92218065071058,
6,Parque alagável Campo do Barro,Parques alagáveis,parque,concluido,obra_parque,-8.096242245384582,-34.94545793094813,
7,Parque alagável Jardim Uchôa/Laranjeira,Parques alagáveis,parque,,obra_parque,-8.103205989759553,-34.937857702841086,
8,Detenção com controle no Sapo Nú,Reservatórios de detenção,reservatorio,,obra_reservatorio,-8.078424369583553,-34.97671008911641,
9,Detenção com controle no 4º Batalhão de Comunicações,Reservatórios de detenção,reservatorio,,obra_reservatorio,-8.094919188613561,-34.95019651218894,
10,Reservatório BR-101,Reservatórios de detenção,reservatorio,,obra_reservatorio,-8.07522622596945,-34.94285955425162,
13,Dique da Avenida Recife,Diques e comportas,dique,,obra_dique,-8.104850813384136,-34.92846881475609,
14,Dique entre Tejipió e IPSEP,Diques e comportas,dique,,obra_dique,-8.102371772921456,-34.925409001104924,
15,"Estrada/dique, comporta e bombeamento no Malária/Vila da Arquiteta Maria Lúcia",Diques e comportas,dique,,obra_dique,-8.10252932229925,-34.92252379666537,
16,Dique nas CIS Dancing Days,Diques e comportas,dique,,obra_dique,-8.103944111916826,-34.91998043512409,
17,Dique Sítio das Mangueiras,Diques e comportas,dique,,obra_dique,-8.102835201757259,-34.92027912682243,
18,Dragagem do Rio Tejipió - Fase 1,Dragagem,dragagem,,obra_dragagem,-8.096681630652402,-34.944814191047904,
32,Dragagem do Rio Tejipió - Fase 2,,,,,-8.101799444259987,-34.939334475838784,
21,Canal CHESF,Perfilamento do Rio Tejipió,canal,,obra_canal,-8.064941185534035,-34.93556777814509,
22,Canal Torrões,Perfilamento do Rio Tejipió,canal,,obra_canal,-8.06720687181794,-34.93818424003213,
23,Canal São Leopoldo,Perfilamento do Rio Tejipió,canal,,obra_canal,-8.07095163862589,-34.939047758786145,
24,Reforço de reservatório e bombeamento da Avenida Recife,Requalificações na rede,rede,,obra_rede,-8.107521192954188,-34.92743581322048,
25,Requalificação da microdrenagem do IPSEP,Requalificações na rede,rede,,obra_rede,-8.104614741029298,-34.92613108312862,
26,Microreservatórios Av. Nossa Senhora,,,,,-8.08299513774685,-34.93410528158797,
