ponto_id,bairro,precisao_coordenada,area_cis_m2,pct_circulo,n_cis,cis
5,Boa Viagem,Interseção,0,0.0,0,
6,Boa Viagem,Interseção,6334,2.2,1,Ilha do Destino II
7,Boa Viagem,Interseção,0,0.0,0,
8,Boa Viagem,Interseção,0,0.0,0,
9,Imbiribeira,Interseção,8896,3.1,2,Vila N. S de Fátima; Vila da Coragem
11,Boa Viagem,Aproximado,9477,3.4,1,Ilha do Destino
12,Boa Viagem,Aproximado,0,0.0,0,
18,Boa Viagem,Aproximado,0,0.0,0,
19,Pina,Aproximado,191410,67.7,4,Beira Rio/ Pina; Bode II; Bode III; Encanta Moça
22,Jordão,Aproximado,102104,36.1,3,Alto da Jaqueira; Jardim Irene/ Rua Júlio César; Jordão Baixo
24,Ipsep,Aproximado,3947,1.4,1,Comunidade do Chié
25,Ipsep,Aproximado,0,0.0,0,
26,Boa Viagem,Interseção,0,0.0,0,
33,Ibura,Interseção,89831,31.8,3,Lagoa da conquista/ Jagatá; Santa Leopoldina; Terra Nossa
34,Ibura,Interseção,93005,32.9,3,Ocuapação Nova Floresta; Paz e Amor/ Beco Michelon; Sítio Santa Francisca
35,Ibura,Aproximado,74485,26.3,6,Campo do Rio Uma; Lagoa da conquista/ Jagatá; Moxotó; Rua São João; Rua Teorônio Melo/ Rua do Desterro; Santa Leopoldina
36,Imbiribeira,Aproximado,3044,1.1,1,Vila N. S de Fátima
37,Ipsep,Aproximado,524,0.2,1,Vila Aliança
41,Boa Viagem,Aproximado,48221,17.1,2,Bode II; Encanta Moça
51,Pina,Interseção,48340,17.1,1,Brasília Teimosa
54,Ibura,Interseção,48940,17.3,2,Ibura; Lagoa da conquista/ Jagatá
