ponto_id,bairro,tipo,trecho,via_afetada,classe,nota_I1,situacao,observacao
5,Boa Viagem,Ponto,Avenida Conselheiro Aguiar (Interseção com a Rua Tenente João Cícero),Avenida Conselheiro Aguiar,Avenida (classe de corredor a conferir),,Pendente,"Nota 2 se não estiver no Anexo 7 da LUOS; 3, 4 ou 5 se estiver como corredor. Tem Faixa Azul (corredor de ônibus), segundo a busca"
6,Boa Viagem,Ponto,Avenida Conselheiro Aguiar (Interseção com a Rua Dona Benvinda),Avenida Conselheiro Aguiar,Avenida (classe de corredor a conferir),,Pendente,"Nota 2 se não estiver no Anexo 7 da LUOS; 3, 4 ou 5 se estiver como corredor. Tem Faixa Azul (corredor de ônibus), segundo a busca"
7,Boa Viagem,Ponto,Avenida Conselheiro Aguiar (Interseção com a Rua Maria Carolina),Avenida Conselheiro Aguiar,Avenida (classe de corredor a conferir),,Pendente,"Nota 2 se não estiver no Anexo 7 da LUOS; 3, 4 ou 5 se estiver como corredor. Tem Faixa Azul (corredor de ônibus), segundo a busca"
8,Boa Viagem,Linha,Avenida Conselheiro Aguiar (Do nº 1501 até a Rua Baltazar Pereira),Avenida Conselheiro Aguiar,Avenida (classe de corredor a conferir),,Pendente,"Nota 2 se não estiver no Anexo 7 da LUOS; 3, 4 ou 5 se estiver como corredor. Tem Faixa Azul (corredor de ônibus), segundo a busca"
9,Imbiribeira,Linha,Avenida Mascarenhas de Moraes (Da Rua General Mac Arthur até a Universo),Avenida Mascarenhas de Moraes,Corredor de transporte metropolitano,5,A conferir,"LUOS (Lei 16.176/1996), Anexo 7, segundo resumo de busca na web; anexo não aberto"
11,Boa Viagem,Linha,Rua Professor José Brandão (Toda a extensão),Rua Professor José Brandão,Rua (classe de corredor a conferir),,Pendente,Nota 1 se não estiver no Anexo 7 da LUOS
12,Boa Viagem,Linha,Rua Padre Bernardino Pessoa (Da Avenida Conselheiro Aguiar até a Via Mangue),Rua Padre Bernardino Pessoa,Rua (classe de corredor a conferir),,Pendente,Nota 1 se não estiver no Anexo 7 da LUOS
18,Boa Viagem,Linha,Rua Jornalista Alfredo Porto Silveira (Toda a extensão),Rua Jornalista Alfredo Porto Silveira,Rua (classe de corredor a conferir),,Pendente,Nota 1 se não estiver no Anexo 7 da LUOS
19,Pina,Ponto,Rua São Luiz (Final da rua),Rua São Luiz,Rua (classe de corredor a conferir),,Pendente,Nota 1 se não estiver no Anexo 7 da LUOS
22,Jordão,Vários,Avenida Maria Irene (Vários trechos),Avenida Maria Irene,Avenida (classe de corredor a conferir),,Pendente,"Nota 2 se não estiver no Anexo 7 da LUOS; 3, 4 ou 5 se estiver como corredor"
24,Ipsep,Linha,Rua Blumenau (Até a maré),Rua Blumenau,Rua (classe de corredor a conferir),,Pendente,Nota 1 se não estiver no Anexo 7 da LUOS
25,Ipsep,Vários,Rua Raimundo Diniz (Vários trechos),Rua Raimundo Diniz,Rua (classe de corredor a conferir),,Pendente,Nota 1 se não estiver no Anexo 7 da LUOS
26,Boa Viagem,Ponto,Avenida Boa Viagem (Antes da Rua Baltazar Passos),Avenida Boa Viagem,Avenida (classe de corredor a conferir),,Pendente,"Nota 2 se não estiver no Anexo 7 da LUOS; 3, 4 ou 5 se estiver como corredor"
33,Ibura,Linha,Avenida Dois Rios (Interseção da Avenida Dois Rios com a Rua Rio Pajeú até a Rua Ecoporanga / interseção da Avenida Dois Rios com a Rua Rio Prado),Avenida Dois Rios,Avenida (classe de corredor a conferir),,Pendente,"Nota 2 se não estiver no Anexo 7 da LUOS; 3, 4 ou 5 se estiver como corredor"
34,Ibura,Ponto,Avenida Dom Helder Câmara (Interseção da Avenida Dom Helder Câmara com a Rua Achiles Amorim),Avenida Dom Helder Câmara,Avenida (classe de corredor a conferir),,Pendente,"Nota 2 se não estiver no Anexo 7 da LUOS; 3, 4 ou 5 se estiver como corredor"
35,Ibura,Ponto,Avenida Dois Rios (Próximo ao SESI),Avenida Dois Rios,Avenida (classe de corredor a conferir),,Pendente,"Nota 2 se não estiver no Anexo 7 da LUOS; 3, 4 ou 5 se estiver como corredor"
36,Imbiribeira,Ponto,Avenida Mascarenhas de Moraes (Trecho da Ferreira Costa),Avenida Mascarenhas de Moraes,Corredor de transporte metropolitano,5,A conferir,"LUOS (Lei 16.176/1996), Anexo 7, segundo resumo de busca na web; anexo não aberto"
37,Ipsep,Linha,Avenida Recife (Da Avenida Dom Helder Câmara até o Rio Tejipió),Avenida Recife,Corredor de transporte metropolitano,5,A conferir,"LUOS (Lei 16.176/1996), Anexo 7, segundo resumo de busca na web; anexo não aberto"
41,Boa Viagem,Linha,Rua Thomé Gibson (Da Avenida Encanta Moça até a Via Mangue),Rua Thomé Gibson,Rua (classe de corredor a conferir),,Pendente,Nota 1 se não estiver no Anexo 7 da LUOS
51,Pina,Linha,Avenida Antônio de Góes (Da saída da Via Mangue até a Bacia do Pina (Rio Capibaribe) e cruzamento com a Avenida Conselheiro Aguiar),Avenida Antônio de Góes,Avenida (classe de corredor a conferir),,Pendente,"Nota 2 se não estiver no Anexo 7 da LUOS; 3, 4 ou 5 se estiver como corredor"
54,Ibura,Ponto,Rua Rio Prado (Interseção da Rua Rio Prado com a Rua Rio Brígida),Rua Rio Prado,Rua (classe de corredor a conferir),,Pendente,Nota 1 se não estiver no Anexo 7 da LUOS
